Family,Genus,Spp,Voucher,Species
Amblystegiaceae,Amblystegium,juratzkanum,No,Amblystegium juratzkanum
Amblystegiaceae,Amblystegium,radicale,No,Amblystegium radicale
Amblystegiaceae,Amblystegium,serpens,Yes,Amblystegium serpens
Amblystegiaceae,Amblystegium,varium,No,Amblystegium varium
Amblystegiaceae,Campylium,chrysophyllum,No,Campylium chrysophyllum
Amblystegiaceae,Campylium,hispidulum,No,Campylium hispidulum
Amblystegiaceae,Campylium,stellatum,No,Campylium stellatum
Amblystegiaceae,Conardia,compacta,No,Conardia compacta
Amblystegiaceae,Cratoneuron,filicinum,No,Cratoneuron filicinum
Amblystegiaceae,Drepanocladus,aduncus,No,Drepanocladus aduncus
Amblystegiaceae,Drepanocladus,capillifolius,No,Drepanocladus capillifolius
Amblystegiaceae,Drepanocladus,polycarpos,No,Drepanocladus polycarpos
Amblystegiaceae,Drepanocladus,polygamus,No,Drepanocladus polygamus
Amblystegiaceae,Drepanocladus,sordidus,No,Drepanocladus sordidus
Amblystegiaceae,Hygroamblystegium,tenax,No,Hygroamblystegium tenax
Amblystegiaceae,Hygrophynum,alpinum,No,Hygrophynum alpinum
Amblystegiaceae,Hygrophynum,bestii,No,Hygrophynum bestii
Amblystegiaceae,Hygrophynum,cochlearifolium,No,Hygrophynum cochlearifolium
Amblystegiaceae,Hygrophynum,duriusculum,No,Hygrophynum duriusculum
Amblystegiaceae,Hygrophynum,luridum,No,Hygrophynum luridum
Amblystegiaceae,Hygrophynum,molle,No,Hygrophynum molle
Amblystegiaceae,Hygrophynum,ochraceum,No,Hygrophynum ochraceum
Amblystegiaceae,Hygrophynum,smithii,No,Hygrophynum smithii
Amblystegiaceae,Hygrophynum,styriacum,No,Hygrophynum styriacum
Amblystegiaceae,Leptodictyum,humile,No,Leptodictyum humile
Amblystegiaceae,Leptodictyum,riparium,Yes,Leptodictyum riparium
Amblystegiaceae,Limprichtia,revolens,No,Limprichtia revolens
Amblystegiaceae,Palustriella,commutata,No,Palustriella commutata
Amblystegiaceae,Pseudo-calliergon,angustifolium,No,Pseudo-calliergon angustifolium
Amblystegiaceae,Sanionia,uncinata,No,Sanionia uncinata
Brachytheciaceae,Brachythecium,albicans,No,Brachythecium albicans
Brachytheciaceae,Brachythecium,asperrimum,No,Brachythecium asperrimum
Brachytheciaceae,Brachythecium,bolanderi,No,Brachythecium bolanderi
Brachytheciaceae,Brachythecium,calcareum,No,Brachythecium calcareum
Brachytheciaceae,Brachythecium,collinum ,No,Brachythecium collinum 
Brachytheciaceae,Brachytheciasstrum,collinum ,No,Brachytheciasstrum collinum 
Brachytheciaceae,Brachythecium,erythrorrhizon,No,Brachythecium erythrorrhizon
Brachytheciaceae,Brachythecium,fendleri,No,Brachythecium fendleri
Brachytheciaceae,Brachythecium,frigidum,Yes,Brachythecium frigidum
Brachytheciaceae,Brachythecium,holzingeri,No,Brachythecium holzingeri
Brachytheciaceae,Brachythecium,leibergii,No,Brachythecium leibergii
Brachytheciaceae,Brachythecium,nelsonii,No,Brachythecium nelsonii
Brachytheciaceae,Brachythecium,rivulari,No,Brachythecium rivulari
Brachytheciaceae,Brachythecium,rutabulum,No,Brachythecium rutabulum
Brachytheciaceae,Brachythecium,salebrosum,No,Brachythecium salebrosum
Brachytheciaceae,Brachythecium,velutinum ,Yes,Brachythecium velutinum 
Brachytheciaceae,Brachytheciastrum,velutinum ,No,Brachytheciastrum velutinum 
Brachytheciaceae,Brachythecium,venustum,No,Brachythecium venustum
Brachytheciaceae,Eurhynchiastrum,pulchellum,No,Eurhynchiastrum pulchellum
Brachytheciaceae,Homalothecium,aureum ,Yes,Homalothecium aureum 
Brachytheciaceae,Homalothecium,californicum,No,Homalothecium californicum
Brachytheciaceae,Homalothecium,fulgescens ,Yes,Homalothecium fulgescens 
Brachytheciaceae,Homalothecium,nevadense,No,Homalothecium nevadense
Brachytheciaceae,Homalothecium,nuttalli,No,Homalothecium nuttalli
Brachytheciaceae,Homalothecium,pinnatifidum,No,Homalothecium pinnatifidum
Brachytheciaceae,Kindbergia,oregana,No,Kindbergia oregana
Brachytheciaceae,Kindbergia,praelonga,No,Kindbergia praelonga
Brachytheciaceae,Platyhypnidium,pringlei,No,Platyhypnidium pringlei
Brachytheciaceae,Platyhypnidium,riparioides,No,Platyhypnidium riparioides
Brachytheciaceae,Pseudoscleropodium,purum,No,Pseudoscleropodium purum
Brachytheciaceae,Rhynchostegium,aquaticum ,Yes,Rhynchostegium aquaticum 
Brachytheciaceae,Rhynchostegium,serrulatum ,No,Rhynchostegium serrulatum 
Brachytheciaceae,Scleropodium ,californicum,No,Scleropodium  californicum
Brachytheciaceae,Scleropodium ,cespitans,No,Scleropodium  cespitans
Brachytheciaceae,Scleropodium ,julaceum,No,Scleropodium  julaceum
Brachytheciaceae,Scleropodium ,obtusifolium,Yes,Scleropodium  obtusifolium
Brachytheciaceae,Scleropodium ,touretii,Yes,Scleropodium  touretii
Brachytheciaceae,Tomentypnum,nitens,No,Tomentypnum nitens
Brachytheciaceae,Trachybryum,megaptilum,No,Trachybryum megaptilum
Fabrionaceae,Fabronia,pusilla,Yes,Fabronia pusilla
Fontinalaceae,Dichelyma,uncinatum,No,Dichelyma uncinatum
Fontinalaceae,Fontinalis,antipyretica,Yes,Fontinalis antipyretica
Fontinalaceae,Fontinalis,chrysophylla,No,Fontinalis chrysophylla
Fontinalaceae,Fontinalis,gigantea,No,Fontinalis gigantea
Fontinalaceae,Fontinalis,howellii,No,Fontinalis howellii
Fontinalaceae,Fontinalis,mollis,No,Fontinalis mollis
Fontinalaceae,Fontinalis,neomexicana,No,Fontinalis neomexicana
Leskeaceae,Claopodium,bolanderi,No,Claopodium bolanderi
Leskeaceae,Claopodium,crispfolium,No,Claopodium crispfolium
Leskeaceae,Claopodium,whippleanum,Yes,Claopodium whippleanum
Leskeaceae,Leskea,polycarpa,No,Leskea polycarpa
Leskeaceae,Pseudoleskea,incurvata,No,Pseudoleskea incurvata
Leskeaceae,Pseudoleskea,patens,No,Pseudoleskea patens
Leskeaceae,Pseudoleskea,radicosa,No,Pseudoleskea radicosa
Leskeaceae,Pseudoleskea,radicosa var. pallida,No,Pseudoleskea radicosa var. pallida
Leskeaceae,Pseudoleskea,saviana,No,Pseudoleskea saviana
Leskeaceae,Pseudoleskea,stenophylla,No,Pseudoleskea stenophylla
Leskeaceae,Pseudoleskea,tribulosa,No,Pseudoleskea tribulosa
Leskeaceae,Pseudoleskeella,serpentinensis,No,Pseudoleskeella serpentinensis
Leskeaceae,Pseudoleskeella,tectorum,Yes,Pseudoleskeella tectorum
Aulacomniaceae,Aulacomnium,androgynum,Yes,Aulacomnium androgynum
Aulacomniaceae,Aulacomnium,palustre,No,Aulacomnium palustre
Bartramiaceae,Anacolia,baueri,No,Anacolia baueri
Bartramiaceae,Anacolia,laevisphaera,No,Anacolia laevisphaera
Bartramiaceae,Anacolia,menziesii,Yes,Anacolia menziesii
Bartramiaceae,Bartramia,ithyphylla,No,Bartramia ithyphylla
Bartramiaceae,Bartramia,pomiformis,No,Bartramia pomiformis
Bartramiaceae,Bartramia,stricta,Yes,Bartramia stricta
Bartramiaceae,Philonotis,americana,No,Philonotis americana
Bartramiaceae,Philonotis,caespitosa,No,Philonotis caespitosa
Bartramiaceae,Philonotis,calcarea,No,Philonotis calcarea
Bartramiaceae,Philonotis,capillaris,No,Philonotis capillaris
Bartramiaceae,Philonotis,fontanus,Yes,Philonotis fontanus
Bartramiaceae,Philonotis,marchia,No,Philonotis marchia
Bartramiaceae,Philonotis,muhlenbergia,No,Philonotis muhlenbergia
Bartramiaceae,Philonotis,tomentella,No,Philonotis tomentella
Bartramiaceae,Philonotis,yezoana,No,Philonotis yezoana
Bartramiaceae,Conostomum,tetragonum,No,Conostomum tetragonum
Bryaceae,Anomobryum,concinnatum,No,Anomobryum concinnatum
Bryaceae,Anomobryum,julaceum,No,Anomobryum julaceum
Bryaceae,Bryum,argentum,Yes,Bryum argentum
Bryaceae,Bryum,blindii,No,Bryum blindii
Bryaceae,Bryum,calobryoides,No,Bryum calobryoides
Bryaceae,Bryum,chryseum,No,Bryum chryseum
Bryaceae,Bryum,lanatum,Yes,Bryum lanatum
Bryaceae,Gemmabryum,barnesii,Yes,Gemmabryum barnesii
Bryaceae,Gemmabryum,caespiticium,No,Gemmabryum caespiticium
Bryaceae,Gemmabryum,californicum,No,Gemmabryum californicum
Bryaceae,Gemmabryum,dichotomum,No,Gemmabryum dichotomum
Bryaceae,Gemmabryum,gemmiferum,No,Gemmabryum gemmiferum
Bryaceae,Gemmabryum,gemmilucens,No,Gemmabryum gemmilucens
Bryaceae,Gemmabryum,klinggraeffii ,Yes,Gemmabryum klinggraeffii 
Bryaceae,Gemmabryum,kunzei,Yes,Gemmabryum kunzei
Bryaceae,Gemmabryum,radiculosum,Yes,Gemmabryum radiculosum
Bryaceae,Gemmabryum,subapiculatum,Yes,Gemmabryum subapiculatum
Bryaceae,Gemmabryum,tenuisetum,Yes,Gemmabryum tenuisetum
Bryaceae,Gemmabryum,valparaisense,Yes,Gemmabryum valparaisense
Bryaceae,Gemmabryum,violaceum,No,Gemmabryum violaceum
Bryaceae,Haplodontium,tehamense,No,Haplodontium tehamense
Bryaceae,Imbribryum,alpinum,No,Imbribryum alpinum
Bryaceae,Imbribryum,gemmiparum,Yes,Imbribryum gemmiparum
Bryaceae,Imbribryum,microchaeton,No,Imbribryum microchaeton
Bryaceae,Imbribryum,mildeanum,No,Imbribryum mildeanum
Bryaceae,Imbribryum,miniatum,No,Imbribryum miniatum
Bryaceae,Imbribryum,muhlenbeckii,Yes,Imbribryum muhlenbeckii
Bryaceae,Imbribryum,sp. nov.,Yes,Imbribryum sp. nov.
Bryaceae,Plagiobryiodes,vinosula,No,Plagiobryiodes vinosula
Bryaceae,Ptychostomum,arcticum,No,Ptychostomum arcticum
Bryaceae,Ptychostomum,badium,No,Ptychostomum badium
Bryaceae,Ptychostomum,bimum,No,Ptychostomum bimum
Bryaceae,Ptychostomum,cernuum,No,Ptychostomum cernuum
Bryaceae,Ptychostomum,creberrimum,No,Ptychostomum creberrimum
Bryaceae,Ptychostomum,cyclophyllum,No,Ptychostomum cyclophyllum
Bryaceae,Ptychostomum,inclinatum,No,Ptychostomum inclinatum
Bryaceae,Ptychostomum,lonchocaulon,No,Ptychostomum lonchocaulon
Bryaceae,Ptychostomum,neodamense,No,Ptychostomum neodamense
Bryaceae,Ptychostomum,pallens,No,Ptychostomum pallens
Bryaceae,Ptychostomum,pallescens,No,Ptychostomum pallescens
Bryaceae,Ptychostomum,pseudotriquetrum,Yes,Ptychostomum pseudotriquetrum
Bryaceae,Ptychostomum,schleicheri,No,Ptychostomum schleicheri
Bryaceae,Ptychostomum,turbinatum,No,Ptychostomum turbinatum
Bryaceae,Ptychostomum,weigelii,No,Ptychostomum weigelii
Bryaceae,Roellia,roellia,No,Roellia roellia
Bryaceae,Rosulabryum,canariense,No,Rosulabryum canariense
Bryaceae,Rosulabryum,capillare,Yes,Rosulabryum capillare
Bryaceae,Rosulabryum,elegans,No,Rosulabryum elegans
Bryaceae,Rosulabryum,flaccidum,No,Rosulabryum flaccidum
Bryaceae,Rosulabryum,gemmascens,No,Rosulabryum gemmascens
Bryaceae,Rosulabryum,laevifilum,Yes,Rosulabryum laevifilum
Bryaceae,Rosulabryum,rubens,Yes,Rosulabryum rubens
Bryaceae,Rosulabryum,torquescens,Yes,Rosulabryum torquescens
Ditrichaceae,Ceratodon,purpureus,Yes,Ceratodon purpureus
Ditrichaceae,Ceratodon,stenocarpus,No,Ceratodon stenocarpus
Ditrichaceae,Distichium,capillaceum,No,Distichium capillaceum
Ditrichaceae,Distichium,inclinatum,No,Distichium inclinatum
Ditrichaceae,Ditrichum,ambiguum,Yes,Ditrichum ambiguum
Ditrichaceae,Ditrichum,heteromallum,No,Ditrichum heteromallum
Ditrichaceae,Ditrichum,montanum,No,Ditrichum montanum
Ditrichaceae,Ditrichum,pusillum,No,Ditrichum pusillum
Ditrichaceae,Ditrichum,schimperi,No,Ditrichum schimperi
Ditrichaceae,Pleuridium,acuminatum,No,Pleuridium acuminatum
Ditrichaceae,Pleuridium,mexicanum,No,Pleuridium mexicanum
Ditrichaceae,Pleuridium,subulatum,No,Pleuridium subulatum
Ditrichaceae,Trichodon,cylindricus,No,Trichodon cylindricus
Fissidentaceae,Fissidens,aphelotaxifolius,No,Fissidens aphelotaxifolius
Fissidentaceae,Fissidens,bryoides,Yes,Fissidens bryoides
Fissidentaceae,Fissidens,crispus,Yes,Fissidens crispus
Fissidentaceae,Fissidens,curvatus,No,Fissidens curvatus
Fissidentaceae,Fissidens,dubius,No,Fissidens dubius
Fissidentaceae,Fissidens,fontanus,No,Fissidens fontanus
Fissidentaceae,Fissidens,grandifrons,No,Fissidens grandifrons
Fissidentaceae,Fissidens,obtusifolius,No,Fissidens obtusifolius
Fissidentaceae,Fissidens,pauperculus,No,Fissidens pauperculus
Fissidentaceae,Fissidens,taxifolius,No,Fissidens taxifolius
Fissidentaceae,Fissidens,taylorii,No,Fissidens taylorii
Fissidentaceae,Fissidens,ventricosus,No,Fissidens ventricosus
Funiariaceae,Entosthodon,californicus,No,Entosthodon californicus
Funiariaceae,Entosthodon,drummondii,No,Entosthodon drummondii
Funiariaceae,Entosthodon,fascicularis,Yes,Entosthodon fascicularis
Funiariaceae,Entosthodon,kochii,No,Entosthodon kochii
Funiariaceae,Entosthodon,rubrisetus,No,Entosthodon rubrisetus
Funiariaceae,Entosthodon,tusconi,No,Entosthodon tusconi
Funiariaceae,Funaria,convexa,No,Funaria convexa
Funiariaceae,Funaria,hygrometrica,Yes,Funaria hygrometrica
Funiariaceae,Funaria,microstoma,No,Funaria microstoma
Funiariaceae,Funaria,muhlenbergii,Yes,Funaria muhlenbergii
Funiariaceae,Physcomitrella,patens,No,Physcomitrella patens
Funiariaceae,Physcomitrella,readeri,No,Physcomitrella readeri
Funiariaceae,Physcomitrium,californicum,No,Physcomitrium californicum
Funiariaceae,Physcomitrium,collenchymatum,No,Physcomitrium collenchymatum
Funiariaceae,Physcomitrium,hookeri,No,Physcomitrium hookeri
Funiariaceae,Physcomitrium,pyriforme,Yes,Physcomitrium pyriforme
Grimmaceae,Bucklandiella,affinis,No,Bucklandiella affinis
Grimmaceae,Bucklandiella,heteroscticha,No,Bucklandiella heteroscticha
Grimmaceae,Bucklandiella,lawtoniae,No,Bucklandiella lawtoniae
Grimmaceae,Bucklandiella,macounii,No,Bucklandiella macounii
Grimmaceae,Bucklandiella,microcarpa,No,Bucklandiella microcarpa
Grimmaceae,Bucklandiella,obesa,No,Bucklandiella obesa
Grimmaceae,Bucklandiella,occidentalis,No,Bucklandiella occidentalis
Grimmaceae,Bucklandiella,pacifica,No,Bucklandiella pacifica
Grimmaceae,Bucklandiella,sudetica,No,Bucklandiella sudetica
Grimmaceae,Codriophorus,depressus,No,Codriophorus depressus
Grimmaceae,Codriophorus,norrissii,No,Codriophorus norrissii
Grimmaceae,Coscinodon,calyptratus,Yes,Coscinodon calyptratus
Grimmaceae,Coscinodon,sp. nov.,Yes,Coscinodon sp. nov.
Grimmaceae,Grimmia,alpestris,Yes,Grimmia alpestris
Grimmaceae,Grimmia,anodon,No,Grimmia anodon
Grimmaceae,Grimmia,anomola,No,Grimmia anomola
Grimmaceae,Grimmia,arizonae,No,Grimmia arizonae
Grimmaceae,Grimmia,caespiticia,No,Grimmia caespiticia
Grimmaceae,Grimmia,hamulosa,No,Grimmia hamulosa
Grimmaceae,Grimmia,incurva,No,Grimmia incurva
Grimmaceae,Grimmia,laevigata,Yes,Grimmia laevigata
Grimmaceae,Grimmia,leibergii,No,Grimmia leibergii
Grimmaceae,Grimmia,lesherae,No,Grimmia lesherae
Grimmaceae,Grimmia,lisae,Yes,Grimmia lisae
Grimmaceae,Grimmia,longirostris,No,Grimmia longirostris
Grimmaceae,Grimmia,mariniana,No,Grimmia mariniana
Grimmaceae,Grimmia,montana,No,Grimmia montana
Grimmaceae,Grimmia,moxleyi,No,Grimmia moxleyi
Grimmaceae,Grimmia,nevadensis,No,Grimmia nevadensis
Grimmaceae,Grimmia,orbicularis,No,Grimmia orbicularis
Grimmaceae,Grimmia,ovalis,No,Grimmia ovalis
Grimmaceae,Grimmia,plagiopodia,No,Grimmia plagiopodia
Grimmaceae,Grimmia,poecilostoma,No,Grimmia poecilostoma
Grimmaceae,Grimmia,pulvinata,Yes,Grimmia pulvinata
Grimmaceae,Grimmia,raymondii,Yes,Grimmia raymondii
Grimmaceae,Grimmia,serrana,No,Grimmia serrana
Grimmaceae,Grimmia,sessitana,No,Grimmia sessitana
Grimmaceae,Grimmia,shastae,No,Grimmia shastae
Grimmaceae,Grimmia,torenii,No,Grimmia torenii
Grimmaceae,Grimmia,torquata,No,Grimmia torquata
Grimmaceae,Grimmia,trichophylla,No,Grimmia trichophylla
Grimmaceae,Grimmia,unicolor,No,Grimmia unicolor
Grimmaceae,Hydrogrimmia,mollis,No,Hydrogrimmia mollis
Grimmaceae,Niphotrichum,elongatum,No,Niphotrichum elongatum
Grimmaceae,Niphotrichum,ericoides,No,Niphotrichum ericoides
Grimmaceae,Racomitrium,lanuginosum,No,Racomitrium lanuginosum
Grimmaceae,Schistidium,agassizii,No,Schistidium agassizii
Grimmaceae,Schistidium,atrichum,No,Schistidium atrichum
Grimmaceae,Schistidium,cinclidodonteum,No,Schistidium cinclidodonteum
Grimmaceae,Schistidium,confertum,No,Schistidium confertum
Grimmaceae,Schistidium,dupretii,No,Schistidium dupretii
Grimmaceae,Schistidium,flaccidum,No,Schistidium flaccidum
Grimmaceae,Schistidium,maritimum,No,Schistidium maritimum
Grimmaceae,Schistidium,occidentale,No,Schistidium occidentale
Grimmaceae,Schistidium,platyphyllum,No,Schistidium platyphyllum
Grimmaceae,Schistidium,rivulare,No,Schistidium rivulare
Grimmaceae,Schistidium,tenerum,No,Schistidium tenerum
Hedwigiaceae,Hedwigia,ciliata,No,Hedwigia ciliata
Hedwigiaceae,Hedwigia,detonsa,Yes,Hedwigia detonsa
Hedwigiaceae,Hedwigia,stellata,No,Hedwigia stellata
Hedwigiaceae,Pseudobraunia,californica,No,Pseudobraunia californica
Meesiaceae,Leptobryum,pyriforme,Yes,Leptobryum pyriforme
Meesiaceae,Meesia,longiseta,No,Meesia longiseta
Meesiaceae,Meesia,triquetra,No,Meesia triquetra
Meesiaceae,Meesia,uliginosa,No,Meesia uliginosa
Mniaceae,Epipterygium,tozeri,No,Epipterygium tozeri
Mniaceae,Leucolepis,acanthoneura,No,Leucolepis acanthoneura
Mniaceae,Mielichhoferia,elongata,No,Mielichhoferia elongata
Mniaceae,Mielichhoferia,mielichhoferniana,No,Mielichhoferia mielichhoferniana
Mniaceae,Mielichhoferia,shevockii,No,Mielichhoferia shevockii
Mniaceae,Mnium,arizonicum,No,Mnium arizonicum
Mniaceae,Mnium,blyttii,No,Mnium blyttii
Mniaceae,Mnium,marginatum,No,Mnium marginatum
Mniaceae,Mnium,spinulosum,No,Mnium spinulosum
Mniaceae,Mnium,thomsonii,No,Mnium thomsonii
Mniaceae,Plagiomnium,cuspidatum,No,Plagiomnium cuspidatum
Mniaceae,Plagiomnium,ellipticum,No,Plagiomnium ellipticum
Mniaceae,Plagiomnium,insigne,No,Plagiomnium insigne
Mniaceae,Plagiomnium,medium,No,Plagiomnium medium
Mniaceae,Plagiomnium,rostratum,No,Plagiomnium rostratum
Mniaceae,Plagiomnium,venustum,No,Plagiomnium venustum
Mniaceae,Pohlia,andaluscia,No,Pohlia andaluscia
Mniaceae,Pohlia,annotina,No,Pohlia annotina
Mniaceae,Pohlia,bolanderi,No,Pohlia bolanderi
Mniaceae,Pohlia,camptotrachela,No,Pohlia camptotrachela
Mniaceae,Pohlia,cardotii,No,Pohlia cardotii
Mniaceae,Pohlia,cruda,No,Pohlia cruda
Mniaceae,Pohlia,dummondii,No,Pohlia dummondii
Mniaceae,Pohlia,elongata,No,Pohlia elongata
Mniaceae,Pohlia,filum,No,Pohlia filum
Mniaceae,Pohlia,flexuosa,No,Pohlia flexuosa
Mniaceae,Pohlia,lescuriana,No,Pohlia lescuriana
Mniaceae,Pohlia,longibracteata,No,Pohlia longibracteata
Mniaceae,Pohlia,ludwigii,No,Pohlia ludwigii
Mniaceae,Pohlia,nutans,No,Pohlia nutans
Mniaceae,Pohlia,obtusifolia,No,Pohlia obtusifolia
Mniaceae,Pohlia,pacifica,No,Pohlia pacifica
Mniaceae,Pohlia,proligera,No,Pohlia proligera
Mniaceae,Pohlia,robertsonnii,No,Pohlia robertsonnii
Mniaceae,Pohlia,tundrae,No,Pohlia tundrae
Mniaceae,Pohlia,wahlenbergii,Yes,Pohlia wahlenbergii
Orthotrichaceae,Orthotrichum,affine,No,Orthotrichum affine
Orthotrichaceae,Orthotrichum,alpestre,No,Orthotrichum alpestre
Orthotrichaceae,Orthotrichum,anodon,No,Orthotrichum anodon
Orthotrichaceae,Orthotrichum,bolanderi,No,Orthotrichum bolanderi
Orthotrichaceae,Orthotrichum,consimile,No,Orthotrichum consimile
Orthotrichaceae,Orthotrichum,coulteri,No,Orthotrichum coulteri
Orthotrichaceae,Orthotrichum,cupulatum,No,Orthotrichum cupulatum
Orthotrichaceae,Orthotrichum,diaphanum,No,Orthotrichum diaphanum
Orthotrichaceae,Orthotrichum,euryphyllum,No,Orthotrichum euryphyllum
Orthotrichaceae,Orthotrichum,flowersii,No,Orthotrichum flowersii
Orthotrichaceae,Orthotrichum,hallii,No,Orthotrichum hallii
Orthotrichaceae,Orthotrichum,holzingeri,No,Orthotrichum holzingeri
Orthotrichaceae,Orthotrichum,kellmanii,No,Orthotrichum kellmanii
Orthotrichaceae,Orthotrichum,laevigatum,No,Orthotrichum laevigatum
Orthotrichaceae,Orthotrichum,lyellii,Yes,Orthotrichum lyellii
Orthotrichaceae,Orthotrichum,macounii,No,Orthotrichum macounii
Orthotrichaceae,Orthotrichum,norissii,Yes,Orthotrichum norissii
Orthotrichaceae,Orthotrichum,pallens,No,Orthotrichum pallens
Orthotrichaceae,Orthotrichum,papillosum,No,Orthotrichum papillosum
Orthotrichaceae,Orthotrichum,pellucidum,No,Orthotrichum pellucidum
Orthotrichaceae,Orthotrichum,praemorsum,No,Orthotrichum praemorsum
Orthotrichaceae,Orthotrichum,pulchellum,No,Orthotrichum pulchellum
Orthotrichaceae,Orthotrichum,pumilum,No,Orthotrichum pumilum
Orthotrichaceae,Orthotrichum,pylaisii,No,Orthotrichum pylaisii
Orthotrichaceae,Orthotrichum,rivulare,No,Orthotrichum rivulare
Orthotrichaceae,Orthotrichum,rupestre,Yes,Orthotrichum rupestre
Orthotrichaceae,Orthotrichum,schimperi,No,Orthotrichum schimperi
Orthotrichaceae,Orthotrichum,shawii,No,Orthotrichum shawii
Orthotrichaceae,Orthotrichum,shevockii,No,Orthotrichum shevockii
Orthotrichaceae,Orthotrichum,speciosum,No,Orthotrichum speciosum
Orthotrichaceae,Orthotrichum,striatum,No,Orthotrichum striatum
Orthotrichaceae,Orthotrichum,texanum,No,Orthotrichum texanum
Orthotrichaceae,Orthotrichum,unerwoodii,No,Orthotrichum unerwoodii
Pottiaceae,Acaulon,rufescens,No,Acaulon rufescens
Pottiaceae,Acaulon,triquetrum,No,Acaulon triquetrum
Pottiaceae,Aloina,ambigua,No,Aloina ambigua
Pottiaceae,Aloina,bifrons,Yes,Aloina bifrons
Pottiaceae,Aloina,rigida ,Yes,Aloina rigida 
Pottiaceae,Anoectangium,handelii,No,Anoectangium handelii
Pottiaceae,Barbula,bolleana,No,Barbula bolleana
Pottiaceae,Barbula,convoluta,Yes,Barbula convoluta
Pottiaceae,Barbula,eustegia,No,Barbula eustegia
Pottiaceae,Barbula,unguiculata,No,Barbula unguiculata
Pottiaceae,Bryoerythrophyllum,columbianum,No,Bryoerythrophyllum columbianum
Pottiaceae,Bryoerythrophyllum,ferruginascens,No,Bryoerythrophyllum ferruginascens
Pottiaceae,Bryoerythrophyllum,recurvirostrum,No,Bryoerythrophyllum recurvirostrum
Pottiaceae,Crossidium,aberrans,Yes,Crossidium aberrans
Pottiaceae,Crossidium,crassinerve,No,Crossidium crassinerve
Pottiaceae,Crossidium,seriatum,Yes,Crossidium seriatum
Pottiaceae,Crossidium,squamiferum,No,Crossidium squamiferum
Pottiaceae,Crumia,latifolia,Yes,Crumia latifolia
Pottiaceae,Didymodon,australasiae,Yes,Didymodon australasiae
Pottiaceae,Didymodon,bistratosus,Yes,Didymodon bistratosus
Pottiaceae,Didymodon,brachyphyllus,Yes,Didymodon brachyphyllus
Pottiaceae,Didymodon,eckeliae,No,Didymodon eckeliae
Pottiaceae,Didymodon,fallax,No,Didymodon fallax
Pottiaceae,Didymodon,ferrgineus,No,Didymodon ferrgineus
Pottiaceae,Didymodon,Insulanus,No,Didymodon Insulanus
Pottiaceae,Didymodon,nicholsonii,Yes,Didymodon nicholsonii
Pottiaceae,Didymodon,norrisii,No,Didymodon norrisii
Pottiaceae,Didymodon,occidentalis,No,Didymodon occidentalis
Pottiaceae,Didymodon,revolutus,No,Didymodon revolutus
Pottiaceae,Didymodon,rigidulus,Yes,Didymodon rigidulus
Pottiaceae,Didymodon,tectorum ,Yes,Didymodon tectorum 
Pottiaceae,Didymodon,tophaceus,Yes,Didymodon tophaceus
Pottiaceae,Didymodon,umbrosus,No,Didymodon umbrosus
Pottiaceae,Didymodon,vinealis,Yes,Didymodon vinealis
Pottiaceae,Ephemerum,serratum,No,Ephemerum serratum
Pottiaceae,Eucladium,verticillatum,Yes,Eucladium verticillatum
Pottiaceae,Gymnostomum,aeruginosum,Yes,Gymnostomum aeruginosum
Pottiaceae,Gymnostomum,calcareum,No,Gymnostomum calcareum
Pottiaceae,Gymnostomum,viridulum,Yes,Gymnostomum viridulum
Pottiaceae,Hennediella,heimii,No,Hennediella heimii
Pottiaceae,Hennediella,stanfordensis,No,Hennediella stanfordensis
Pottiaceae,Hymenostylium,recurvirostrum,No,Hymenostylium recurvirostrum
Pottiaceae,Leptophascum,leptophyllum,No,Leptophascum leptophyllum
Pottiaceae,Microbryum,davallianum,No,Microbryum davallianum
Pottiaceae,Microbryum,starckeanum,No,Microbryum starckeanum
Pottiaceae,Microbryum,vlassovii,No,Microbryum vlassovii
Pottiaceae,Micromitrium,tenerum,No,Micromitrium tenerum
Pottiaceae,Oxystegus,tenuirostris,No,Oxystegus tenuirostris
Pottiaceae,Pseudocrossidium,crinitum,Yes,Pseudocrossidium crinitum
Pottiaceae,Pseudocrossidium,obtusulum,No,Pseudocrossidium obtusulum
Pottiaceae,Pterygoneurum,californicum,No,Pterygoneurum californicum
Pottiaceae,Pterygoneurum,lamellatum,No,Pterygoneurum lamellatum
Pottiaceae,Pterygoneurum,ovatum,No,Pterygoneurum ovatum
Pottiaceae,Pterygoneurum,subsessile,No,Pterygoneurum subsessile
Pottiaceae,Scopelophila,cataractae,No,Scopelophila cataractae
Pottiaceae,Scopelophila,ligulata,No,Scopelophila ligulata
Pottiaceae,Stegonia,hyalinotricha,No,Stegonia hyalinotricha
Pottiaceae,Stegonia,latifolia,No,Stegonia latifolia
Pottiaceae,Stegonia,pilifera,No,Stegonia pilifera
Pottiaceae,Syntrichia,bartramii,No,Syntrichia bartramii
Pottiaceae,Syntrichia,caninervis,No,Syntrichia caninervis
Pottiaceae,Syntrichia,laevipiloa,No,Syntrichia laevipiloa
Pottiaceae,Syntrichia,latifolia,No,Syntrichia latifolia
Pottiaceae,Syntrichia,montana,No,Syntrichia montana
Pottiaceae,Syntrichia,norvegica,Yes,Syntrichia norvegica
Pottiaceae,Syntrichia,obtusifolia ,Yes,Syntrichia obtusifolia 
Pottiaceae,Syntrichia,pagorum,No,Syntrichia pagorum
Pottiaceae,Syntrichia,papillosa,No,Syntrichia papillosa
Pottiaceae,Syntrichia,papillosissima,No,Syntrichia papillosissima
Pottiaceae,Syntrichia,princeps,Yes,Syntrichia princeps
Pottiaceae,Syntrichia,ruralis,No,Syntrichia ruralis
Pottiaceae,Syntrichia,sucrosa,No,Syntrichia sucrosa
Pottiaceae,Syntrichia,viriscens,No,Syntrichia viriscens
Pottiaceae,Timmiella,anomala,No,Timmiella anomala
Pottiaceae,Timmiella,crassinervis,Yes,Timmiella crassinervis
Pottiaceae,Tortella,tortuosa,No,Tortella tortuosa
Pottiaceae,Tortula,acaulon ,Yes,Tortula acaulon 
Pottiaceae,Tortula,amplexa,No,Tortula amplexa
Pottiaceae,Tortula,atrovirens,Yes,Tortula atrovirens
Pottiaceae,Tortula,bolanderi,No,Tortula bolanderi
Pottiaceae,Tortula,brevipes,Yes,Tortula brevipes
Pottiaceae,Tortula,californica,Yes,Tortula californica
Pottiaceae,Tortula,guepinii,Yes,Tortula guepinii
Pottiaceae,Tortula,hoppeana,No,Tortula hoppeana
Pottiaceae,Tortula,inermis,Yes,Tortula inermis
Pottiaceae,Tortula,leucostoma,No,Tortula leucostoma
Pottiaceae,Tortula,mucronifolia,Yes,Tortula mucronifolia
Pottiaceae,Tortula,muralis,Yes,Tortula muralis
Pottiaceae,Tortula,obtusifolia,Yes,Tortula obtusifolia
Pottiaceae,Tortula,plinthobia,No,Tortula plinthobia
Pottiaceae,Tortula,protobryoides,No,Tortula protobryoides
Pottiaceae,Tortula,subulata,Yes,Tortula subulata
Pottiaceae,Tortula,systylia,No,Tortula systylia
Pottiaceae,Trichostemmum,brachydontium,No,Trichostemmum brachydontium
Pottiaceae,Trichostemmum,crispulum,No,Trichostemmum crispulum
Pottiaceae,Trichostemmum,sweetii,No,Trichostemmum sweetii
Pottiaceae,Triquetrella,californica,No,Triquetrella californica
Pottiaceae,Weissia,condensa,No,Weissia condensa
Pottiaceae,Weissia,controversa,Yes,Weissia controversa
Pottiaceae,Weissia,inoperculata,No,Weissia inoperculata
Pottiaceae,Weissia,ligulaefolia,No,Weissia ligulaefolia